{
  "model_type": "RandomForestRegressor",
  "n_estimators": 40,
  "max_depth": 8,
  "features": [
    "MedInc",
    "HouseAge",
    "AveRooms",
    "AveBedrms",
    "Population",
    "AveOccup",
    "Latitude",
    "Longitude"
  ],
  "feature_importance": {
    "MedInc": 0.29729901440087503,
    "AveOccup": 0.07334744048526844,
    "Latitude": 0.03305624439338452,
    "Longitude": 0.03202408085535026,
    "HouseAge": 0.025583920987450194,
    "AveRooms": 0.012048730513039486,
    "Population": 0.005117315437575785,
    "AveBedrms": 0.004384545446693004
  },
  "metrics": {
    "mse": 0.34170651930083557,
    "r2": 0.7392367383200134
  },
  "target_description": "Median house value in units of $100,000 (California districts)",
  "dataset_summary": {
    "MedInc": {
      "count": 20640.0,
      "mean": 3.8706710029069766,
      "std": 1.8998217179452688,
      "min": 0.4999,
      "25%": 2.5633999999999997,
      "50%": 3.5347999999999997,
      "75%": 4.74325,
      "max": 15.0001
    },
    "HouseAge": {
      "count": 20640.0,
      "mean": 28.639486434108527,
      "std": 12.58555761211165,
      "min": 1.0,
      "25%": 18.0,
      "50%": 29.0,
      "75%": 37.0,
      "max": 52.0
    },
    "AveRooms": {
      "count": 20640.0,
      "mean": 5.428999742190376,
      "std": 2.4741731394243187,
      "min": 0.8461538461538461,
      "25%": 4.440716235896959,
      "50%": 5.229128787878788,
      "75%": 6.052380952380952,
      "max": 141.9090909090909
    },
    "AveBedrms": {
      "count": 20640.0,
      "mean": 1.096675149606208,
      "std": 0.473910856795466,
      "min": 0.3333333333333333,
      "25%": 1.006079046038478,
      "50%": 1.048780487804878,
      "75%": 1.099526066350711,
      "max": 34.06666666666667
    },
    "Population": {
      "count": 20640.0,
      "mean": 1425.4767441860465,
      "std": 1132.462121765341,
      "min": 3.0,
      "25%": 787.0,
      "50%": 1166.0,
      "75%": 1725.0,
      "max": 35682.0
    },
    "AveOccup": {
      "count": 20640.0,
      "mean": 3.0706551594363742,
      "std": 10.386049562213618,
      "min": 0.6923076923076923,
      "25%": 2.4297411475535755,
      "50%": 2.818115654360196,
      "75%": 3.2822609242736216,
      "max": 1243.3333333333333
    },
    "Latitude": {
      "count": 20640.0,
      "mean": 35.63186143410853,
      "std": 2.1359523974571153,
      "min": 32.54,
      "25%": 33.93,
      "50%": 34.26,
      "75%": 37.71,
      "max": 41.95
    },
    "Longitude": {
      "count": 20640.0,
      "mean": -119.56970445736432,
      "std": 2.0035317235025882,
      "min": -124.35,
      "25%": -121.8,
      "50%": -118.49,
      "75%": -118.01,
      "max": -114.31
    }
  },
  "correlations_with_target": {
    "MedInc": 0.6880752079585484,
    "HouseAge": 0.10562341249321128,
    "AveRooms": 0.15194828974145738,
    "AveBedrms": -0.046700512969486685,
    "Population": -0.02464967888889485,
    "AveOccup": -0.023737412956134355,
    "Latitude": -0.14416027687465632,
    "Longitude": -0.04596661511798309
  }
}